City_ID,City,Country,Date,Lat,Lng,Max Temp,Humidity,Cloudiness,Wind Speed
0,Punta Arenas,CL,2021-02-03 20:04:29,-53.15,-70.9167,64.4,59,75,14.97
1,George,ZA,2021-02-03 20:04:29,-33.963,22.4617,64.4,94,20,5.75
2,Puerto Ayora,EC,2021-02-03 20:03:40,-0.7393,-90.3518,86.0,66,0,21.85
3,Ribeira Grande,PT,2021-02-03 20:02:51,38.5167,-28.7,53.6,66,40,26.46
4,Bluff,NZ,2021-02-03 20:00:32,-46.6,168.3333,52.29,71,100,15.03
5,Cassia,BR,2021-02-03 20:04:29,-20.5831,-46.9219,80.06,79,81,2.26
6,Havelock,US,2021-02-03 20:04:29,34.8791,-76.9013,50.0,29,20,20.71
7,Maumere,ID,2021-02-03 20:04:30,-8.6199,122.2111,78.82,81,100,7.87
8,Hobart,AU,2021-02-03 20:00:19,-42.8794,147.3294,57.99,100,90,4.61
9,Yulara,AU,2021-02-03 20:01:12,-25.2406,130.9889,86.0,17,90,4.61
10,Khatanga,RU,2021-02-03 20:03:35,71.9667,102.5,-5.78,91,100,8.77
11,Savinka,RU,2021-02-03 20:04:30,50.0785,47.0994,36.39,99,100,6.22
12,Ancud,CL,2021-02-03 20:04:30,-41.8697,-73.8203,71.6,56,0,6.91
13,Namatanai,PG,2021-02-03 20:04:30,-3.6667,152.4333,79.7,83,100,6.93
14,Busselton,AU,2021-02-03 20:04:30,-33.65,115.3333,51.01,79,0,17.78
15,Kodiak,US,2021-02-03 20:02:50,57.79,-152.4072,28.4,93,1,3.44
16,Tasiilaq,GL,2021-02-03 20:04:31,65.6145,-37.6368,27.79,97,91,27.02
17,Tiksi,RU,2021-02-03 20:04:31,71.6872,128.8694,-28.23,85,30,1.61
18,Albany,US,2021-02-03 20:03:45,42.6001,-73.9662,32.0,66,100,11.99
19,Jamestown,US,2021-02-03 20:01:50,42.097,-79.2353,30.99,69,1,16.11
20,Ushuaia,AR,2021-02-03 20:03:33,-54.8,-68.3,55.4,58,20,17.27
21,Cape Town,ZA,2021-02-03 20:02:18,-33.9258,18.4232,71.01,77,20,17.27
22,Umm Kaddadah,SD,2021-02-03 20:04:32,13.6017,26.6876,80.06,17,0,5.08
23,Mataura,NZ,2021-02-03 20:03:35,-46.1927,168.8643,51.78,67,54,5.26
24,Shibetsu,JP,2021-02-03 20:04:32,43.659,145.132,6.85,88,55,8.68
25,Jvari,GE,2021-02-03 20:04:32,42.7169,42.052,41.0,81,0,2.3
26,Qaanaaq,GL,2021-02-03 20:04:32,77.484,-69.3632,-21.5,68,73,2.8
27,Tilichiki,RU,2021-02-03 20:04:32,60.4667,166.1,22.57,96,99,34.11
28,Bethel,US,2021-02-03 20:00:54,41.3712,-73.414,34.0,60,90,11.5
29,Beringovskiy,RU,2021-02-03 20:04:32,63.05,179.3167,4.28,94,84,11.79
30,Igarka,RU,2021-02-03 20:04:33,67.4667,86.5833,-15.11,88,93,6.51
31,Kaya,BF,2021-02-03 20:04:33,13.0917,-1.0844,78.1,15,10,7.27
32,Pingliang,CN,2021-02-03 20:00:13,35.5392,106.6861,31.37,71,100,2.1
33,Longyearbyen,SJ,2021-02-03 20:01:24,78.2186,15.6401,23.0,68,75,12.66
34,Jamui,IN,2021-02-03 20:04:33,24.9167,86.2167,54.54,65,0,1.7
35,Mahebourg,MU,2021-02-03 20:03:36,-20.4081,57.7,78.8,89,75,4.61
36,Acaponeta,MX,2021-02-03 20:04:33,22.4964,-105.3594,92.53,33,6,5.95
37,Diamantino,BR,2021-02-03 20:00:07,-14.4086,-56.4461,87.37,61,92,3.56
38,Guerrero Negro,MX,2021-02-03 20:04:33,27.9769,-114.0611,70.48,53,100,12.8
39,Vestmanna,FO,2021-02-03 20:04:34,62.1564,-7.1664,30.2,74,14,3.44
40,Egvekinot,RU,2021-02-03 20:04:34,66.3167,-179.1667,-26.91,83,15,21.3
41,Chuy,UY,2021-02-03 20:03:59,-33.6971,-53.4616,70.32,94,100,16.6
42,Umba,RU,2021-02-03 20:04:34,66.6871,34.3429,11.95,95,87,5.79
43,Hermanus,ZA,2021-02-03 20:04:34,-34.4187,19.2345,64.0,86,4,6.13
44,Salalah,OM,2021-02-03 20:03:21,17.0151,54.0924,69.8,56,0,2.3
45,Pringsewu,ID,2021-02-03 20:04:34,-5.3582,104.9744,72.09,93,100,2.66
46,Hithadhoo,MV,2021-02-03 20:04:35,-0.6,73.0833,83.16,71,98,6.29
47,Severo-Kurilsk,RU,2021-02-03 20:04:35,50.6789,156.125,11.01,92,100,33.8
48,Upernavik,GL,2021-02-03 20:04:35,72.7868,-56.1549,-14.44,71,8,4.94
49,Mar Del Plata,AR,2021-02-03 20:04:35,-38.0023,-57.5575,69.8,73,40,12.66
50,Ponta Do Sol,PT,2021-02-03 20:03:55,32.6667,-17.1,55.0,67,70,5.01
51,Nenjiang,CN,2021-02-03 20:04:35,49.1833,125.2167,-22.81,78,0,3.47
52,Port Elizabeth,ZA,2021-02-03 20:04:35,-33.918,25.5701,68.0,94,0,8.05
53,Kokopo,PG,2021-02-03 20:04:36,-4.352,152.2633,78.35,81,97,7.61
54,Los Llanos De Aridane,ES,2021-02-03 20:04:36,28.6585,-17.9182,64.4,72,75,7.78
55,Bambous Virieux,MU,2021-02-03 20:04:36,-20.3428,57.7575,79.0,89,75,4.61
56,Port Hedland,AU,2021-02-03 20:04:36,-20.3167,118.5667,80.6,83,100,8.05
57,Rikitea,PF,2021-02-03 20:04:36,-23.1203,-134.9692,77.56,74,10,13.76
58,Shingu,JP,2021-02-03 20:00:26,33.7333,135.9833,35.56,83,0,6.15
59,Cidreira,BR,2021-02-03 20:04:36,-30.1811,-50.2056,78.46,87,100,12.26
60,Lwowek Slaski,PL,2021-02-03 20:04:37,51.1107,15.5858,46.0,95,100,11.01
61,Cherskiy,RU,2021-02-03 20:04:37,68.75,161.3,9.79,86,100,7.38
62,Mata,PT,2021-02-03 20:04:37,40.683,-7.4592,51.01,88,59,3.0
63,The Valley,AI,2021-02-03 20:01:03,18.217,-63.0578,86.0,65,40,12.66
64,Zabol,AF,2021-02-03 20:04:37,32.25,67.25,33.84,75,0,0.34
65,Ust-Barguzin,RU,2021-02-03 20:04:37,53.45,108.9833,0.75,92,100,5.35
66,Kapaa,US,2021-02-03 20:03:32,22.0752,-159.319,68.0,88,75,8.05
67,Atuona,PF,2021-02-03 20:02:55,-9.8,-139.0333,77.65,75,1,13.38
68,New Norfolk,AU,2021-02-03 20:03:35,-42.7826,147.0587,57.99,91,94,1.43
69,Torbay,CA,2021-02-03 20:04:38,47.6666,-52.7314,39.0,100,90,26.46
70,Grootfontein,NA,2021-02-03 20:04:38,-19.5667,18.1167,72.86,45,77,5.39
71,Manta,EC,2021-02-03 20:01:52,-0.95,-80.7333,84.2,79,40,9.22
72,Butaritari,KI,2021-02-03 20:04:38,3.0707,172.7902,81.46,84,34,17.18
73,Olafsvik,IS,2021-02-03 20:04:38,64.8945,-23.7142,36.75,80,100,26.66
74,Maniitsoq,GL,2021-02-03 20:04:15,65.4167,-52.9,2.21,75,99,7.18
75,Lompoc,US,2021-02-03 20:03:46,34.6391,-120.4579,62.6,59,1,14.97
76,Touros,BR,2021-02-03 20:04:38,-5.1989,-35.4608,84.2,61,20,18.41
77,Thompson,CA,2021-02-03 20:04:39,55.7435,-97.8558,3.2,85,90,16.11
78,Muravlenko,RU,2021-02-03 20:04:39,63.7898,74.523,-1.14,93,94,6.31
79,Saint-Philippe,RE,2021-02-03 20:03:46,-21.3585,55.7679,80.6,74,0,2.3
80,Bay Roberts,CA,2021-02-03 20:04:39,47.5999,-53.2648,44.01,100,90,26.46
81,Lagoa,PT,2021-02-03 20:04:39,39.05,-27.9833,54.18,66,10,32.57
82,Kruisfontein,ZA,2021-02-03 20:04:39,-34.0033,24.7314,71.01,78,7,1.99
83,Antalaha,MG,2021-02-03 20:04:39,-14.9003,50.2788,77.18,88,47,5.37
84,Bredasdorp,ZA,2021-02-03 20:04:39,-34.5322,20.0403,64.4,72,0,1.14
85,Eyl,SO,2021-02-03 20:04:40,7.9803,49.8164,71.62,70,84,14.99
86,Sharjah,AE,2021-02-03 20:00:08,25.3573,55.4033,69.8,77,0,1.14
87,Fairbanks,US,2021-02-03 20:01:17,64.8378,-147.7164,-11.2,58,90,3.44
88,Palmer,US,2021-02-03 20:00:56,42.1584,-72.3287,35.01,60,75,12.66
89,Pevek,RU,2021-02-03 20:04:40,69.7008,170.3133,-9.35,73,0,8.34
90,Nikolskoye,RU,2021-02-03 20:03:35,59.7035,30.7861,23.0,93,75,13.42
91,Svetlogorsk,BY,2021-02-03 20:04:40,52.6333,29.7333,33.73,99,100,6.67
92,Luderitz,NA,2021-02-03 20:04:40,-26.6481,15.1594,66.7,75,0,14.92
93,Saint Marys,US,2021-02-03 20:04:40,30.7305,-81.5465,54.0,28,1,5.75
94,Calama,CL,2021-02-03 20:04:07,-22.4667,-68.9333,77.0,18,0,26.46
95,Maple Creek,CA,2021-02-03 20:03:37,49.9168,-109.4848,6.8,72,100,12.66
96,Katsuura,JP,2021-02-03 20:04:41,35.1333,140.3,39.2,65,40,11.5
97,Sisimiut,GL,2021-02-03 20:03:38,66.9395,-53.6735,-1.35,77,100,10.36
98,Tuktoyaktuk,CA,2021-02-03 20:04:41,69.4541,-133.0374,-41.8,66,75,4.61
99,Maseru,LS,2021-02-03 20:04:41,-29.3167,27.4833,58.12,93,100,1.95
100,Iqaluit,CA,2021-02-03 20:04:39,63.7506,-68.5145,-5.8,71,90,2.3
101,Buin,CL,2021-02-03 20:04:41,-33.7333,-70.75,90.0,18,0,6.91
102,Ciudad Bolivar,VE,2021-02-03 20:04:41,8.1222,-63.5497,92.68,43,88,9.44
103,Hagonoy,PH,2021-02-03 20:04:42,14.8321,120.7336,77.0,83,40,2.3
104,Nakhon Phanom,TH,2021-02-03 20:04:42,17.3333,104.4167,60.62,82,0,5.26
105,Kemijarvi,FI,2021-02-03 20:04:42,66.7131,27.4306,15.22,95,95,8.88
106,Biak,ID,2021-02-03 20:04:32,-0.9131,122.8766,77.07,79,100,4.23
107,Saldanha,ZA,2021-02-03 20:04:42,-33.0117,17.9442,68.0,77,0,16.11
108,Huarmey,PE,2021-02-03 20:04:42,-10.0681,-78.1522,74.89,64,77,9.1
109,La Ronge,CA,2021-02-03 20:04:42,55.1001,-105.2842,8.6,72,100,8.05
110,Hirosaki,JP,2021-02-03 20:04:42,40.5931,140.4725,26.01,76,100,5.99
111,Sioux Lookout,CA,2021-02-03 20:04:43,50.1001,-91.917,30.2,69,90,13.8
112,Veraval,IN,2021-02-03 20:04:43,20.9,70.3667,69.89,52,0,9.04
113,Bubaque,GW,2021-02-03 20:04:43,11.2833,-15.8333,78.35,64,18,14.12
114,Kocevje,SI,2021-02-03 20:04:43,45.6433,14.8633,48.0,94,52,16.28
115,Vaini,TO,2021-02-03 20:02:59,-21.2,-175.2,80.6,89,75,2.3
116,Cockburn Town,TC,2021-02-03 20:04:16,21.4612,-71.1419,72.63,62,82,8.95
117,Ouadda,CF,2021-02-03 20:04:43,8.0777,22.4007,79.02,28,0,3.29
118,Bathsheba,BB,2021-02-03 20:04:08,13.2167,-59.5167,82.4,61,40,24.16
119,Norman Wells,CA,2021-02-03 20:04:44,65.282,-126.8329,-34.6,67,75,6.91
120,Naze,JP,2021-02-03 20:04:44,28.3667,129.4833,51.42,68,0,4.12
121,Taganak,PH,2021-02-03 20:04:44,6.0833,118.3,80.6,89,20,9.22
122,Port Alfred,ZA,2021-02-03 20:04:44,-33.5906,26.891,69.01,92,0,1.01
123,Port Augusta,AU,2021-02-03 20:04:44,-32.5,137.7667,71.01,68,90,5.75
124,Vermilion,US,2021-02-03 20:04:44,40.1667,-87.7506,33.01,69,1,5.37
125,Castro,BR,2021-02-03 20:04:13,-24.7911,-50.0119,80.85,70,12,4.05
126,Den Helder,NL,2021-02-03 20:04:45,52.9599,4.7593,44.01,100,90,8.05
127,Yellowknife,CA,2021-02-03 20:00:06,62.456,-114.3525,-15.0,76,90,5.75
128,Saskylakh,RU,2021-02-03 20:04:45,71.9167,114.0833,-22.9,84,98,13.49
129,Dikson,RU,2021-02-03 20:04:45,73.5069,80.5464,-2.87,91,100,18.32
130,Nanortalik,GL,2021-02-03 20:04:12,60.1432,-45.2371,17.47,80,0,15.43
131,Darnah,LY,2021-02-03 20:04:45,32.767,22.6367,59.14,74,0,10.0
132,Hami,CN,2021-02-03 20:04:45,42.8,93.45,24.55,83,19,2.01
133,Nepomuceno,BR,2021-02-03 20:01:15,-21.2358,-45.2358,78.89,72,7,2.08
134,Lebu,CL,2021-02-03 20:04:45,-37.6167,-73.65,64.18,69,0,13.44
135,Cabo San Lucas,MX,2021-02-03 20:03:42,22.8909,-109.9124,87.8,22,20,14.97
136,Sao Filipe,CV,2021-02-03 20:04:37,14.8961,-24.4956,72.63,76,62,9.66
137,Oranjestad,AW,2021-02-03 20:04:46,12.524,-70.027,84.2,70,40,23.02
138,Ekhabi,RU,2021-02-03 20:04:46,53.5102,142.9671,-25.85,79,0,15.57
139,Tadepallegudem,IN,2021-02-03 20:04:46,16.8333,81.5,63.18,80,45,4.43
140,Port Blair,IN,2021-02-03 20:04:46,11.6667,92.75,76.3,77,100,9.66
141,Talnakh,RU,2021-02-03 20:04:46,69.4865,88.3972,-19.01,86,100,3.36
142,Mercedes,AR,2021-02-03 20:04:46,-34.6515,-59.4307,81.0,67,88,1.99
143,Basoko,CD,2021-02-03 20:04:47,1.2391,23.616,79.93,62,31,2.48
144,Leon Valley,US,2021-02-03 20:03:55,29.4952,-98.6186,73.99,49,1,13.8
145,Villa Alemana,CL,2021-02-03 20:04:47,-33.0422,-71.3733,73.4,73,20,11.5
146,Kahului,US,2021-02-03 20:04:47,20.8947,-156.47,77.0,61,40,28.77
147,Harper,LR,2021-02-03 20:04:47,4.375,-7.7169,78.93,87,17,7.36
148,Russellville,US,2021-02-03 20:04:47,35.2784,-93.1338,54.0,43,1,4.61
149,Fortuna,US,2021-02-03 20:01:18,40.5982,-124.1573,51.01,76,20,11.5
150,Luanda,AO,2021-02-03 20:01:54,-8.8368,13.2343,80.6,78,20,12.66
151,Hilo,US,2021-02-03 20:00:10,19.7297,-155.09,75.2,60,1,11.5
152,Boyolangu,ID,2021-02-03 20:04:48,-8.1181,111.8935,74.8,91,85,5.23
153,Narsaq,GL,2021-02-03 20:04:48,60.9167,-46.05,15.8,53,75,6.91
154,Faanui,PF,2021-02-03 20:04:48,-16.4833,-151.75,81.37,73,0,11.81
155,Camacha,PT,2021-02-03 20:04:48,33.0833,-16.3333,60.8,63,40,11.5
156,Saurimo,AO,2021-02-03 20:04:48,-9.6608,20.3916,64.65,94,100,2.68
157,Yatou,CN,2021-02-03 20:04:48,37.15,122.3833,26.67,85,0,9.4
158,Hunterville,NZ,2021-02-03 20:01:25,-39.9333,175.5667,64.0,76,0,7.0
159,Sibu,MY,2021-02-03 20:04:49,2.3,111.8167,75.2,100,40,2.3
160,Bandarbeyla,SO,2021-02-03 20:04:49,9.4942,50.8122,73.08,70,0,18.57
161,Batalha,BR,2021-02-03 20:04:49,-9.6778,-37.1247,90.82,42,80,17.78
162,Cocorit,MX,2021-02-03 20:04:49,27.5833,-109.9667,82.4,26,75,5.75
163,Winnemucca,US,2021-02-03 20:04:49,40.973,-117.7357,39.2,41,90,12.66
164,Tautira,PF,2021-02-03 20:04:49,-17.7333,-149.15,84.2,70,20,3.44
165,Jatiroto,ID,2021-02-03 20:04:49,-7.8833,111.1167,74.1,86,100,1.86
166,Carnarvon,AU,2021-02-03 20:00:13,-24.8667,113.6333,77.0,88,90,21.85
167,Pekalongan,ID,2021-02-03 20:04:50,-6.8886,109.6753,59.0,96,100,14.54
168,Hasaki,JP,2021-02-03 20:02:06,35.7333,140.8333,33.8,60,40,4.61
169,Tonantins,BR,2021-02-03 20:04:50,-2.8731,-67.8022,87.35,71,94,2.82
170,Khuzhir,RU,2021-02-03 20:04:50,53.1939,107.3397,14.92,95,100,3.96
171,Grand-Lahou,CI,2021-02-03 20:04:50,5.1367,-5.0242,79.81,85,0,9.13
172,Nizwa,OM,2021-02-03 20:04:50,22.9333,57.5333,58.01,46,0,4.76
173,Nago,JP,2021-02-03 20:04:51,26.5881,127.9761,59.0,87,20,4.61
174,Mazatlan,MX,2021-02-03 20:02:41,23.2167,-106.4167,78.8,57,40,8.05
175,Kralendijk,BQ,2021-02-03 20:04:51,12.15,-68.2667,84.2,70,40,17.27
176,Leningradskiy,RU,2021-02-03 20:04:51,69.3833,178.4167,-23.78,84,74,11.52
177,Oktyabrskiy,RU,2021-02-03 20:04:51,54.4815,53.471,15.6,93,93,3.4
178,Ixtapa,MX,2021-02-03 20:02:18,20.7,-105.2,73.4,83,1,8.05
179,Ambulu,ID,2021-02-03 20:04:05,-8.345,113.6058,76.64,88,100,2.59
180,Beloha,MG,2021-02-03 20:04:51,-25.1667,45.05,78.66,66,0,12.95
181,Aklavik,CA,2021-02-03 20:04:26,68.2191,-135.0107,-41.8,74,1,3.44
182,Bombay,IN,2021-02-03 20:01:32,19.0144,72.8479,77.0,53,1,4.03
183,Sao Joao Da Barra,BR,2021-02-03 20:01:41,-21.6403,-41.0511,86.0,54,0,20.71
184,Ippy,CF,2021-02-03 20:04:52,6.2679,21.2247,80.98,32,0,1.23
185,Siguiri,GN,2021-02-03 20:04:52,11.6667,-9.5,80.4,14,100,2.68
186,Jalu,LY,2021-02-03 20:04:52,29.0331,21.5482,58.17,71,0,11.14
187,Klaksvik,FO,2021-02-03 20:04:16,62.2266,-6.589,30.2,74,22,3.44
188,Angoche,MZ,2021-02-03 20:04:52,-16.2325,39.9086,80.6,80,75,1.79
189,Dwarka,IN,2021-02-03 20:04:53,22.2394,68.9678,69.37,81,0,10.8
190,Caravelas,BR,2021-02-03 20:04:53,-17.7125,-39.2481,81.3,70,7,10.16
191,Pahrump,US,2021-02-03 20:01:35,36.2083,-115.9839,63.0,22,1,23.02
192,Kalga,RU,2021-02-03 20:04:53,50.9251,118.898,-23.4,80,100,2.51
193,Kavieng,PG,2021-02-03 20:03:59,-2.5744,150.7967,82.27,71,100,5.41
194,Bloemfontein,ZA,2021-02-03 20:04:53,-29.1211,26.214,64.4,100,99,6.91
195,Port Hardy,CA,2021-02-03 20:00:04,50.6996,-127.4199,41.0,87,75,2.3
196,Lander,US,2021-02-03 20:03:51,42.833,-108.7307,46.0,28,1,32.21
197,San Jose De Sisa,PE,2021-02-03 20:04:54,-6.6167,-76.6915,91.4,52,40,5.75
198,Mumford,GH,2021-02-03 20:04:54,5.2618,-0.759,81.43,80,100,9.15
199,Dalbandin,PK,2021-02-03 20:04:54,28.8947,64.4101,45.81,50,0,1.83
200,Poum,NC,2021-02-03 20:04:54,-20.2333,164.0167,79.3,81,63,21.27
201,Acapulco,MX,2021-02-03 20:04:54,16.8634,-99.8901,84.2,74,20,6.91
202,Praia,CV,2021-02-03 20:04:54,14.9215,-23.5087,71.6,78,0,17.27
203,Iquitos,PE,2021-02-03 20:04:54,-3.7481,-73.2472,93.2,52,75,5.75
204,Kidal,ML,2021-02-03 20:04:54,18.4411,1.4078,73.17,16,0,11.27
205,Kasungu,MW,2021-02-03 20:04:55,-13.0333,33.4833,66.83,93,100,2.82
206,Manokwari,ID,2021-02-03 20:04:55,-0.8667,134.0833,78.42,79,100,5.12
207,Wanning,CN,2021-02-03 20:04:55,18.8003,110.3967,67.71,88,35,8.39
208,Constitucion,CL,2021-02-03 20:04:55,-35.3333,-72.4167,71.83,50,0,10.0
209,Solhan,TR,2021-02-03 20:04:55,38.9634,41.0293,32.61,87,100,4.45
210,Samarai,PG,2021-02-03 20:04:55,-10.6167,150.6667,80.89,78,100,7.87
211,Uusikaupunki,FI,2021-02-03 20:04:36,60.8004,21.4084,5.0,85,0,3.44
212,Ust-Nera,RU,2021-02-03 20:04:55,64.5667,143.2,-26.28,76,98,3.58
213,Dhenkanal,IN,2021-02-03 20:04:56,20.6667,85.6,64.4,88,0,1.43
214,Nadym,RU,2021-02-03 20:04:56,65.5333,72.5167,0.16,93,88,5.23
215,Santiago,CL,2021-02-03 20:00:26,-33.4569,-70.6483,90.0,51,0,5.75
216,Redkino,RU,2021-02-03 20:04:56,56.6475,36.2967,25.81,98,100,6.71
217,Chapais,CA,2021-02-03 20:04:56,49.7834,-74.8492,26.6,63,90,13.8
218,Loukhi,RU,2021-02-03 20:04:56,66.0764,33.0381,6.69,95,60,6.08
219,Namibe,AO,2021-02-03 20:03:55,-15.1961,12.1522,73.27,71,100,7.16
220,Vardo,NO,2021-02-03 20:04:56,70.3705,31.1107,30.2,74,75,20.71
221,Mchinji,MW,2021-02-03 20:04:57,-13.7984,32.8802,66.92,94,100,3.6
222,Pitogo,PH,2021-02-03 20:04:57,13.7847,122.0881,75.54,82,10,13.18
223,Ilulissat,GL,2021-02-03 20:04:57,69.2167,-51.1,-7.6,49,20,4.61
224,Broken Hill,AU,2021-02-03 20:04:57,-31.95,141.4333,71.6,28,100,8.05
225,Sungaipenuh,ID,2021-02-03 20:04:57,-2.0833,101.3833,64.47,95,99,3.36
226,Andijon,UZ,2021-02-03 20:04:57,40.7821,72.3442,34.0,77,0,14.0
227,Price,US,2021-02-03 20:04:57,39.5994,-110.8107,41.0,65,75,20.71
228,Cimitarra,CO,2021-02-03 20:04:58,6.3142,-73.9497,88.57,61,46,1.59
229,Bengkulu,ID,2021-02-03 20:04:58,-3.8004,102.2655,75.54,86,100,5.08
230,Kulhudhuffushi,MV,2021-02-03 20:04:58,6.6221,73.07,81.68,69,22,7.18
231,Arvika,SE,2021-02-03 20:04:58,59.6553,12.5852,10.4,92,0,10.36
232,San Quintin,MX,2021-02-03 20:04:58,30.4833,-115.95,64.76,69,60,15.79
233,Rocha,UY,2021-02-03 20:04:58,-34.4833,-54.3333,68.45,94,100,9.01
234,Penha,BR,2021-02-03 20:01:23,-26.7694,-48.6458,84.2,84,20,16.11
235,Cap Malheureux,MU,2021-02-03 20:03:38,-19.9842,57.6142,79.0,81,4,3.0
236,Vila Velha,BR,2021-02-03 20:02:42,-20.3297,-40.2925,86.0,58,20,19.57
237,Najran,SA,2021-02-03 20:04:59,17.4924,44.1277,66.2,26,0,1.92
238,Richards Bay,ZA,2021-02-03 20:02:08,-28.783,32.0377,75.27,94,100,4.23
239,Avarua,CK,2021-02-03 20:04:59,-21.2078,-159.775,84.2,74,20,9.22
240,Beinamar,TD,2021-02-03 20:04:59,8.6698,15.3813,79.79,16,0,5.35
241,Tairua,NZ,2021-02-03 20:04:59,-37.0167,175.85,70.0,81,53,8.01
242,East London,ZA,2021-02-03 20:04:59,-33.0153,27.9116,77.14,80,0,4.16
243,Baykit,RU,2021-02-03 20:04:59,61.67,96.37,-8.16,86,97,1.54
244,Codrington,AU,2021-02-03 20:05:00,-38.2667,141.9667,57.4,75,99,9.75
245,Udachnyy,RU,2021-02-03 20:01:25,66.4167,112.4,-23.69,84,100,3.94
246,Nabire,ID,2021-02-03 20:05:00,-3.3667,135.4833,75.42,92,100,2.71
247,Damghan,IR,2021-02-03 20:03:20,36.1683,54.348,42.73,58,99,2.71
248,Kudahuvadhoo,MV,2021-02-03 20:05:00,2.6708,72.8944,81.43,81,98,18.81
249,Pisco,PE,2021-02-03 20:03:42,-13.7,-76.2167,77.0,69,0,5.75
250,Changji,CN,2021-02-03 20:05:00,44.0167,87.3167,14.0,85,21,4.47
251,Le Port,RE,2021-02-03 20:05:01,-20.9373,55.2919,80.6,61,3,18.41
252,Vila Franca Do Campo,PT,2021-02-03 20:02:41,37.7167,-25.4333,53.6,66,20,13.8
253,Sambava,MG,2021-02-03 20:05:01,-14.2667,50.1667,80.01,81,100,8.34
254,Alofi,NU,2021-02-03 20:05:01,-19.0595,-169.9187,77.0,100,90,6.91
255,Kabinda,CD,2021-02-03 20:01:21,-6.1333,24.4833,68.74,95,99,4.65
256,Ina,JP,2021-02-03 20:05:01,35.8276,137.9538,32.0,76,30,1.99
257,Urumqi,CN,2021-02-03 20:05:01,43.801,87.6005,14.0,85,5,4.47
258,Sitka,US,2021-02-03 20:05:02,57.0531,-135.33,35.6,80,90,6.91
259,Gejiu,CN,2021-02-03 20:05:02,23.306,103.1635,45.07,100,52,4.99
260,Grand Gaube,MU,2021-02-03 20:05:02,-20.0064,57.6608,79.0,81,21,3.0
261,Hobyo,SO,2021-02-03 20:04:02,5.3505,48.5268,76.39,79,3,16.96
262,Maragogi,BR,2021-02-03 20:03:48,-9.0122,-35.2225,80.92,72,40,9.26
263,Clyde River,CA,2021-02-03 20:05:03,70.4692,-68.5914,-22.0,76,75,3.44
264,Oppdal,NO,2021-02-03 20:05:03,62.5943,9.6912,2.62,84,32,9.64
265,Yelniki,RU,2021-02-03 20:05:03,54.6207,43.876,28.33,98,100,10.07
266,Barrow,US,2021-02-03 20:00:22,71.2906,-156.7887,-29.2,75,1,13.8
267,Kharp,RU,2021-02-03 20:05:03,66.8014,65.8081,-0.06,89,89,3.83
268,Mount Gambier,AU,2021-02-03 20:05:03,-37.8333,140.7667,57.2,88,98,8.05
269,Nome,US,2021-02-03 20:03:44,64.5011,-165.4064,-0.4,65,20,9.22
270,Taoudenni,ML,2021-02-03 20:05:04,22.6783,-3.9836,76.26,17,82,10.13
271,Halifax,CA,2021-02-03 20:03:27,44.6453,-63.5724,46.0,87,40,9.22
272,Aleppo,SY,2021-02-03 20:05:04,36.25,37.5,51.37,72,100,9.98
273,San Patricio,US,2021-02-03 20:04:02,28.017,-97.5169,77.0,53,75,19.57
274,Tuatapere,NZ,2021-02-03 20:05:04,-46.1333,167.6833,50.85,76,35,6.91
275,Luwuk,ID,2021-02-03 20:05:04,-0.9516,122.7875,78.24,73,99,3.8
276,Calvia,ES,2021-02-03 20:05:04,39.5657,2.5062,55.4,94,75,4.61
277,Maturin,VE,2021-02-03 20:05:04,9.75,-63.1767,81.68,78,29,9.95
278,Burayevo,RU,2021-02-03 20:05:05,55.8407,55.4083,6.69,93,69,5.48
279,Chokurdakh,RU,2021-02-03 20:05:05,70.6333,147.9167,0.66,93,100,10.78
280,Cayhagan,PH,2021-02-03 20:05:05,9.6697,122.4256,76.08,83,75,9.93
281,Ust-Kulom,RU,2021-02-03 20:05:05,61.6864,53.6902,2.19,93,84,3.94
282,Belmonte,BR,2021-02-03 20:05:05,-15.8631,-38.8828,80.6,74,20,11.5
283,Potosi,BO,2021-02-03 20:05:05,-19.5836,-65.7531,56.03,56,100,14.45
284,Saint-Augustin,CA,2021-02-03 20:05:05,51.226,-58.6502,33.26,94,100,35.52
285,Kampene,CD,2021-02-03 20:05:06,-3.6,26.6667,70.32,94,79,1.68
286,Zhezkazgan,KZ,2021-02-03 20:05:06,47.8043,67.7144,16.16,90,100,5.41
287,Aswan,EG,2021-02-03 20:04:02,24.0934,32.907,69.37,24,72,11.63
288,Kamaishi,JP,2021-02-03 20:05:06,39.2667,141.8833,22.84,90,14,6.55
289,Okha,RU,2021-02-03 20:05:06,53.5739,142.9478,-26.09,77,0,17.43
290,San Pedro De Macoris,DO,2021-02-03 20:05:06,18.4616,-69.2972,86.0,62,20,16.11
291,Kamenka,RU,2021-02-03 20:05:06,51.3223,42.7678,34.0,97,100,6.71
292,Aksay,RU,2021-02-03 20:05:07,47.26,39.87,46.99,100,75,6.71
293,Waipawa,NZ,2021-02-03 20:05:07,-41.4122,175.5153,60.01,77,75,19.57
294,Sobolevo,RU,2021-02-03 20:04:27,54.4299,31.8996,30.25,99,100,6.78
295,Alexandria,EG,2021-02-03 20:05:07,31.2156,29.9553,66.2,68,40,6.91
296,Esperance,AU,2021-02-03 20:05:07,-33.8667,121.9,59.0,63,90,14.97
297,Provideniya,RU,2021-02-03 20:05:07,64.3833,-173.3,-5.01,85,100,14.74
298,Raudeberg,NO,2021-02-03 20:05:07,61.9875,5.1352,24.8,68,0,8.05
299,Naryan-Mar,RU,2021-02-03 20:00:28,67.6713,53.087,2.48,94,88,7.7
300,Svay Rieng,KH,2021-02-03 20:05:08,11.0879,105.7993,72.37,79,69,3.67
301,West Sacramento,US,2021-02-03 20:05:08,38.5805,-121.5302,53.6,71,90,10.36
302,Chuchkovo,RU,2021-02-03 20:05:08,54.2693,41.4465,27.63,98,100,9.51
303,Khandyga,RU,2021-02-03 20:05:08,62.6667,135.6,-54.44,66,41,0.63
304,Fort Nelson,CA,2021-02-03 20:05:08,58.8053,-122.7002,-11.2,70,75,2.35
305,Odweyne,SO,2021-02-03 20:05:08,9.4092,45.064,63.81,25,0,14.34
306,Saint-Pierre,RE,2021-02-03 20:05:08,-21.3393,55.4781,80.6,74,0,2.3
307,Zharkovskiy,RU,2021-02-03 20:05:09,55.849,32.2697,25.21,98,99,5.61
308,Stepnyak,KZ,2021-02-03 20:05:09,52.8339,70.7803,30.13,99,100,5.1
309,Kailua,US,2021-02-03 20:04:03,21.4022,-157.7394,75.2,64,90,19.57
310,Bharuch,IN,2021-02-03 20:05:09,21.7,72.9667,69.35,40,0,0.78
311,Hermagor,AT,2021-02-03 20:05:09,46.6272,13.3672,41.0,98,99,2.75
312,Brzeg,PL,2021-02-03 20:05:09,50.8608,17.4674,46.0,92,100,5.99
313,Dhidhdhoo,MV,2021-02-03 20:05:09,6.8833,73.1,81.86,69,0,7.07
314,Vanimo,PG,2021-02-03 20:05:09,-2.6741,141.3028,76.89,87,100,7.94
315,Vadamadurai,IN,2021-02-03 20:05:09,10.4667,78.0833,67.32,86,50,2.89
316,Formiga,BR,2021-02-03 20:05:10,-20.4644,-45.4264,78.08,77,54,3.06
317,Nerchinskiy Zavod,RU,2021-02-03 20:05:10,51.3088,119.61,-33.05,82,14,2.64
318,Lazaro Cardenas,MX,2021-02-03 20:05:10,17.9583,-102.2,81.54,63,43,8.77
319,Cabo Rojo,PR,2021-02-03 20:05:10,18.0866,-67.1457,84.0,60,17,5.01
320,Krasnoborsk,RU,2021-02-03 20:05:10,61.5598,45.934,13.3,96,100,5.35
321,Artyom,AZ,2021-02-03 20:05:10,40.4723,50.333,41.0,93,90,6.91
322,Cape Girardeau,US,2021-02-03 20:05:10,37.3834,-89.7168,43.0,56,1,4.61
323,North Bend,US,2021-02-03 20:05:11,43.4065,-124.2243,46.99,87,75,8.05
324,Bafra,TR,2021-02-03 20:05:11,41.5678,35.9069,53.01,74,100,1.99
325,Mwene-Ditu,CD,2021-02-03 20:05:11,-7.0,23.45,68.04,98,100,5.35
326,Newport,GB,2021-02-03 20:02:00,51.5877,-2.9984,45.0,93,2,9.95
327,Flinders,AU,2021-02-03 20:04:09,-34.5833,150.8552,64.0,88,15,1.14
328,Hakui,JP,2021-02-03 20:05:11,36.8833,136.7833,36.0,63,34,3.0
329,Kaitangata,NZ,2021-02-03 20:05:11,-46.2817,169.8464,54.0,64,79,13.0
330,Lima,PE,2021-02-03 20:03:10,-12.0432,-77.0282,75.2,64,20,9.22
331,Ostrovnoy,RU,2021-02-03 20:05:12,68.0531,39.5131,16.39,95,100,15.75
332,Te Anau,NZ,2021-02-03 20:01:20,-45.4167,167.7167,48.25,80,68,2.39
333,Gemena,CD,2021-02-03 20:05:12,3.25,19.7667,81.63,46,72,1.5
334,Victoria,HK,2021-02-03 20:00:52,22.2855,114.1577,64.0,77,3,1.01
335,Chernogorsk,RU,2021-02-03 20:05:12,53.8236,91.2842,35.6,55,0,6.71
336,Bunia,CD,2021-02-03 20:05:12,1.5667,30.25,71.24,40,9,2.42
337,Zhigansk,RU,2021-02-03 20:05:12,66.7697,123.3711,-37.75,80,95,11.95
338,Zakamensk,RU,2021-02-03 20:05:13,50.3741,103.2863,6.24,84,37,5.19
339,Kavaratti,IN,2021-02-03 20:03:53,10.5669,72.642,81.21,62,52,3.8
340,Atasu,KZ,2021-02-03 20:05:13,48.6814,71.6433,18.57,90,97,8.68
341,Port-Gentil,GA,2021-02-03 20:01:13,-0.7193,8.7815,82.4,83,40,10.36
342,Awbari,LY,2021-02-03 20:05:13,26.5921,12.7805,50.76,48,0,3.02
343,Abu Zabad,SD,2021-02-03 20:05:13,12.35,29.25,79.84,22,67,3.83
344,Russell,US,2021-02-03 20:05:13,32.3502,-85.1999,55.4,21,1,11.5
345,Umm Lajj,SA,2021-02-03 20:05:14,25.0213,37.2685,77.54,67,71,10.65
346,Dubbo,AU,2021-02-03 20:05:14,-32.25,148.6167,62.6,88,24,11.5
347,Miraflores,MX,2021-02-03 20:05:14,19.2167,-98.8083,78.8,9,1,9.22
348,Jarwal,IN,2021-02-03 20:05:14,27.1667,81.55,56.57,57,36,2.24
349,Keetmanshoop,NA,2021-02-03 20:05:14,-26.5833,18.1333,87.17,19,0,15.17
350,Cherepovets,RU,2021-02-03 20:05:14,59.1333,37.9,21.2,86,90,11.18
351,Karabash,RU,2021-02-03 20:05:15,55.4808,60.2157,11.75,92,98,1.34
352,Langham,CA,2021-02-03 20:05:15,52.3668,-106.9679,1.4,71,20,21.85
353,Matara,LK,2021-02-03 20:05:15,5.9485,80.5353,74.75,85,99,8.95
354,Pangai,TO,2021-02-03 20:05:15,-19.8,-174.35,82.4,89,75,2.3
355,Filadelfia,US,2021-02-03 20:03:06,39.9523,-75.1638,37.4,55,90,14.97
356,Gogrial,SS,2021-02-03 20:05:15,8.5332,28.1004,84.81,18,0,2.13
357,Muzhi,RU,2021-02-03 20:05:15,65.3667,64.6667,6.17,90,95,6.98
358,Honggang,CN,2021-02-03 20:05:15,46.4667,124.8667,-16.38,82,0,7.72
359,Klamath Falls,US,2021-02-03 20:03:43,42.2249,-121.7817,33.8,69,75,9.22
360,Mlonggo,ID,2021-02-03 20:05:16,-6.5333,110.7,78.93,83,94,19.6
361,Primorsk,UA,2021-02-03 20:05:16,46.7348,36.3443,45.0,92,89,6.98
362,Srednekolymsk,RU,2021-02-03 20:05:16,67.45,153.6833,-25.38,86,71,2.59
363,Roald,NO,2021-02-03 20:05:16,62.5833,6.1333,23.0,68,0,12.66
364,Sorland,NO,2021-02-03 20:05:16,67.667,12.6934,32.0,55,20,19.57
365,Sanchazi,CN,2021-02-03 20:05:17,42.0817,126.6003,-9.38,87,80,5.26
366,Hirara,JP,2021-02-03 20:05:17,24.8,125.2833,65.8,64,55,10.07
367,Honningsvag,NO,2021-02-03 20:05:17,70.9821,25.9704,30.2,69,75,29.93
368,Arman,RU,2021-02-03 20:05:17,59.7,150.1667,-1.21,81,100,19.69
369,La Palma,US,2021-02-03 20:05:17,33.8464,-118.0467,64.99,100,75,3.44
370,Ust-Omchug,RU,2021-02-03 20:05:17,61.15,149.6333,-19.93,83,100,11.72
371,Aneho,TG,2021-02-03 20:05:17,6.2333,1.6,84.2,84,20,12.66
372,Byron Bay,AU,2021-02-03 20:05:17,-28.65,153.6167,64.4,100,40,3.44
373,Laurel,US,2021-02-03 20:05:00,39.0993,-76.8483,39.2,45,90,10.36
374,Komsomolskiy,UZ,2021-02-03 20:05:18,40.4272,71.7189,37.4,70,0,6.91
375,Sinegorskiy,RU,2021-02-03 20:05:18,48.0139,40.8447,42.91,92,66,6.11
376,Mehamn,NO,2021-02-03 20:03:56,71.0357,27.8492,30.2,69,75,25.32
377,Catamarca,AR,2021-02-03 20:00:48,-28.4696,-65.7852,79.0,65,12,3.0
378,Dukat,RU,2021-02-03 20:05:18,62.55,155.55,-11.25,89,100,14.29
379,Yaring,TH,2021-02-03 20:05:18,6.8662,101.3689,74.86,81,93,11.9
380,Georgetown,MY,2021-02-03 20:05:12,5.4112,100.3354,78.8,73,20,2.3
381,Morondava,MG,2021-02-03 20:05:19,-20.2833,44.2833,84.81,82,88,5.79
382,Asau,RO,2021-02-03 20:03:43,46.4333,26.4,37.4,100,90,12.66
383,Mwingi,KE,2021-02-03 20:05:19,-0.9344,38.0601,68.54,61,1,2.13
384,Conceicao Da Barra,BR,2021-02-03 20:01:47,-18.5933,-39.7322,81.39,69,94,10.22
385,Jibuti,DJ,2021-02-03 20:05:19,11.5,42.5,75.2,69,20,11.79
386,Airai,TL,2021-02-03 20:05:19,-8.9266,125.4092,61.29,100,98,4.5
387,Ossora,RU,2021-02-03 20:05:20,59.2353,163.0719,21.61,92,59,15.52
388,Deputatskiy,RU,2021-02-03 20:05:20,69.3,139.9,-19.93,89,100,2.91
389,Belovo,RU,2021-02-03 20:05:20,54.4165,86.2976,28.04,97,100,11.05
390,Bucerias,MX,2021-02-03 20:05:20,20.75,-105.3333,73.4,83,1,8.05
391,Atyrau,KZ,2021-02-03 20:05:20,47.1167,51.8833,28.4,100,98,8.95
392,Xilopolis,GR,2021-02-03 20:05:20,40.9271,23.1794,51.01,84,1,1.77
393,Necochea,AR,2021-02-03 20:05:20,-38.5473,-58.7368,73.99,55,0,4.0
394,Meulaboh,ID,2021-02-03 20:05:20,4.1363,96.1285,77.27,87,87,4.21
395,Anadyr,RU,2021-02-03 20:05:21,64.75,177.4833,3.2,78,40,35.79
396,Skjervoy,NO,2021-02-03 20:05:21,70.0311,20.9714,26.6,100,90,2.3
397,Alice Springs,AU,2021-02-03 20:01:12,-23.7,133.8833,69.8,28,43,3.44
398,Yerbogachen,RU,2021-02-03 20:02:14,61.2767,108.0108,-14.17,89,100,3.78
399,Ternate,ID,2021-02-03 20:05:21,0.8,127.4,79.54,82,84,6.26
400,Khromtau,KZ,2021-02-03 20:05:21,50.2503,58.4347,23.83,97,77,8.84
401,Taltal,CL,2021-02-03 20:05:21,-25.4,-70.4833,71.73,54,62,8.25
402,Hay River,CA,2021-02-03 20:05:21,60.8156,-115.7999,-13.0,64,100,6.91
403,Fairview,US,2021-02-03 20:05:22,40.8126,-73.999,37.4,55,90,11.5
404,Ahuimanu,US,2021-02-03 20:05:22,21.4447,-157.8378,75.2,64,90,19.57
405,Qaqortoq,GL,2021-02-03 20:05:22,60.7167,-46.0333,15.8,53,75,6.91
406,Vangaindrano,MG,2021-02-03 20:05:22,-23.35,47.6,77.25,77,44,0.49
407,Pochutla,MX,2021-02-03 20:05:22,15.7432,-96.4661,86.0,58,20,7.94
408,Santa Luzia,BR,2021-02-03 20:05:22,-19.7697,-43.8514,87.8,42,40,8.05
409,Ucluelet,CA,2021-02-03 20:01:50,48.9329,-125.5528,43.0,87,40,2.3
410,Cap-Aux-Meules,CA,2021-02-03 20:05:23,47.3821,-61.8597,42.8,93,100,17.27
411,Nouadhibou,MR,2021-02-03 20:05:23,20.931,-17.0347,64.4,88,0,16.11
412,Shaowu,CN,2021-02-03 20:05:23,27.3409,117.4831,55.27,82,99,0.67
413,Porto Seguro,BR,2021-02-03 20:05:23,-16.4497,-39.0647,80.6,74,20,11.5
414,Nagato,JP,2021-02-03 20:05:23,34.3833,131.2,41.0,86,40,3.44
415,Ayan,RU,2021-02-03 20:05:23,56.45,138.1667,-28.21,70,0,15.43
416,Geraldton,AU,2021-02-03 20:05:23,-28.7667,114.6,71.6,64,40,21.85
417,Tiarei,PF,2021-02-03 20:05:24,-17.5333,-149.3333,84.2,70,20,3.44
418,Sibolga,ID,2021-02-03 20:05:24,1.7427,98.7792,76.39,84,96,4.32
419,Mount Isa,AU,2021-02-03 20:05:24,-20.7333,139.5,78.8,78,0,9.22
420,Tazovskiy,RU,2021-02-03 20:05:24,67.4667,78.7,-7.67,91,100,6.08
421,Champerico,GT,2021-02-03 20:05:24,14.3,-91.9167,89.6,51,40,11.5
422,Margate,GB,2021-02-03 20:00:37,51.3813,1.3862,46.0,90,100,1.99
423,Hofn,IS,2021-02-03 20:01:34,64.2539,-15.2082,33.8,64,90,8.05
424,Astoria,US,2021-02-03 20:02:19,46.1879,-123.8313,44.6,76,40,0.58
425,Niamtougou,TG,2021-02-03 20:05:24,9.7681,1.1053,79.95,17,0,3.98
426,Anahuac,MX,2021-02-03 20:05:25,27.2333,-100.15,78.8,36,1,6.91
427,Brielle,NL,2021-02-03 20:05:25,51.9,4.15,46.0,85,100,8.01
428,Saint-Joseph,RE,2021-02-03 20:05:25,-21.3667,55.6167,80.6,74,0,2.3
429,Svetlyy,RU,2021-02-03 20:05:25,54.675,20.1347,30.2,74,90,8.95
430,Pedernales,DO,2021-02-03 20:05:25,18.0384,-71.744,82.0,58,53,4.03
431,Ketchikan,US,2021-02-03 20:05:25,55.3422,-131.6461,39.2,100,90,4.61
432,Kyabram,AU,2021-02-03 20:05:25,-36.3167,145.05,63.0,67,40,7.74
433,Loreto,MX,2021-02-03 20:05:26,22.2667,-101.9667,75.38,19,87,2.75
434,Imbituba,BR,2021-02-03 20:03:11,-28.24,-48.6703,86.0,70,40,11.5
435,Vershino-Darasunskiy,RU,2021-02-03 20:05:26,52.35,115.5167,-22.38,88,0,1.28
436,Saint George,US,2021-02-03 20:04:46,37.1041,-113.5841,66.0,44,1,10.89
437,Yenagoa,NG,2021-02-03 20:05:27,4.9247,6.2642,80.47,80,7,7.31
438,Yumen,CN,2021-02-03 20:05:27,40.2833,97.2,25.61,71,0,15.88
439,Port Lincoln,AU,2021-02-03 20:05:27,-34.7333,135.8667,65.23,65,100,9.4
440,Port Moresby,PG,2021-02-03 20:05:28,-9.4431,147.1797,73.4,100,40,18.41
441,Yablonovo,RU,2021-02-03 20:05:28,50.8523,37.3574,33.8,100,90,8.95
442,Lavrentiya,RU,2021-02-03 20:05:28,65.5833,-171.0,-10.21,85,0,15.86
443,Adra,ES,2021-02-03 20:03:41,36.7496,-3.0206,57.2,94,0,2.3
444,Bulgan,MN,2021-02-03 20:05:28,48.8125,103.5347,12.49,81,40,5.99
445,Bani Walid,LY,2021-02-03 20:05:28,31.7566,13.9942,55.42,69,0,2.98
446,Faya,SA,2021-02-03 20:05:29,18.3851,42.4509,59.0,88,0,3.85
447,Palu,ID,2021-02-03 20:05:29,-0.8917,119.8707,75.24,81,97,2.21
448,Imeni Poliny Osipenko,RU,2021-02-03 20:05:29,52.4201,136.4853,-31.02,83,84,4.63
449,Hamilton,US,2021-02-03 20:05:29,39.1834,-84.5333,36.0,64,20,8.05
450,Bud,US,2021-02-03 20:05:29,39.447,-86.1758,37.0,64,1,5.73
451,Oum Hadjer,TD,2021-02-03 20:05:29,13.2954,19.6966,77.68,17,0,11.1
452,Tezu,IN,2021-02-03 20:05:29,27.9167,96.1667,61.45,35,31,3.94
453,Sarishabari,BD,2021-02-03 20:05:29,24.7333,89.8333,64.83,54,0,7.87
454,Edd,ER,2021-02-03 20:05:30,13.9297,41.6925,76.98,52,0,17.45
455,Tura,IN,2021-02-03 20:05:30,25.5198,90.2201,59.09,58,0,2.59
456,Ornskoldsvik,SE,2021-02-03 20:05:30,63.2909,18.7153,14.0,85,0,10.36
457,Kondinskoye,RU,2021-02-03 20:05:30,59.6481,67.41,4.73,94,0,9.28
458,Xai-Xai,MZ,2021-02-03 20:05:30,-25.0519,33.6442,73.42,93,100,4.52
459,Plymouth,US,2021-02-03 20:02:54,41.8334,-70.8328,39.0,69,90,6.91
460,Plyussa,RU,2021-02-03 20:05:30,58.4308,29.3654,18.34,97,81,6.55
461,Mastic Beach,US,2021-02-03 20:05:30,40.7668,-72.8521,36.0,60,90,10.36
462,Breves,BR,2021-02-03 20:05:31,-1.6822,-50.4803,86.2,69,98,4.7
463,Grindavik,IS,2021-02-03 20:04:03,63.8424,-22.4338,37.4,75,90,24.16
464,Pacific Grove,US,2021-02-03 20:03:35,36.6177,-121.9166,55.4,50,1,5.75
465,Nishihara,JP,2021-02-03 20:05:31,26.1842,127.7558,59.0,58,20,3.44
466,Kieta,PG,2021-02-03 20:05:31,-6.2167,155.6333,79.97,82,92,9.46
467,Mnogovershinnyy,RU,2021-02-03 20:05:31,53.9353,139.9242,-31.41,83,3,7.76
468,Channel-Port Aux Basques,CA,2021-02-03 20:05:31,47.5702,-59.1367,40.95,96,100,16.42
469,Berlevag,NO,2021-02-03 20:05:31,70.8578,29.0864,30.2,86,75,27.63
470,Saint-Francois,FR,2021-02-03 20:05:31,46.4154,3.9054,51.8,66,20,10.36
471,Inhambane,MZ,2021-02-03 20:05:32,-23.865,35.3833,82.4,94,75,2.3
472,Adamovka,RU,2021-02-03 20:05:32,51.5223,59.9396,32.83,97,100,6.29
473,Zonguldak,TR,2021-02-03 20:04:32,41.25,31.8333,46.89,79,10,3.56
474,Matucana,PE,2021-02-03 20:05:32,-11.85,-76.4,65.07,54,77,8.77
475,Cairns,AU,2021-02-03 20:00:47,-16.9167,145.7667,73.4,94,91,1.14
476,Yakeshi,CN,2021-02-03 20:05:32,49.2833,120.7333,-28.1,83,76,3.4
477,Iroquois Falls,CA,2021-02-03 20:05:32,48.7669,-80.6831,19.4,73,40,4.61
478,Constantine,DZ,2021-02-03 20:05:32,36.365,6.6147,55.62,44,96,4.88
479,Quelimane,MZ,2021-02-03 20:05:32,-17.8786,36.8883,84.2,84,20,6.91
480,Kroya,ID,2021-02-03 20:05:33,-7.6331,109.2461,76.33,87,100,4.68
481,Bilibino,RU,2021-02-03 20:05:33,68.0546,166.4372,-0.06,83,100,7.94
482,Prince Rupert,CA,2021-02-03 20:03:08,54.3161,-130.3201,39.2,81,90,9.22
483,Morro Bay,US,2021-02-03 20:01:57,35.3658,-120.8499,61.0,63,23,5.01
484,Makat,KZ,2021-02-03 20:05:33,47.6469,53.3463,35.65,86,87,4.72
485,Shache,CN,2021-02-03 20:05:33,38.4167,77.2406,26.89,80,0,0.89
486,Konstantinovka,RU,2021-02-03 20:05:33,49.6167,127.9833,-21.3,81,0,5.08
487,Reconquista,AR,2021-02-03 20:05:33,-29.15,-59.65,68.27,92,100,12.1
488,Languyan,PH,2021-02-03 20:05:33,5.2618,120.0807,79.23,87,30,8.41
489,Kuryk,KZ,2021-02-03 20:05:34,43.2,51.65,44.37,87,67,2.82
490,Picota,PE,2021-02-03 20:05:34,-6.9197,-76.3304,93.2,52,40,5.75
491,Majene,ID,2021-02-03 20:05:34,-3.5403,118.9707,78.49,80,100,7.56
492,Una,IN,2021-02-03 20:05:34,20.8167,71.0333,69.39,45,0,9.31
493,Soe,ID,2021-02-03 20:05:36,-9.8607,124.284,67.06,100,100,6.02
494,Ellsworth,US,2021-02-03 20:05:36,44.5434,-68.4195,36.0,93,90,3.44
495,Ndioum,SN,2021-02-03 20:05:36,16.5129,-14.6471,89.6,18,0,2.3
496,Amahai,ID,2021-02-03 20:05:36,-3.3333,128.9167,78.55,82,56,4.99
497,San Pedro,PH,2021-02-03 20:05:36,14.35,121.0167,78.01,78,20,3.44
498,Tessalit,ML,2021-02-03 20:02:10,20.1986,1.0114,73.62,17,0,12.57
499,Manyana,BW,2021-02-03 20:05:36,-23.4,21.7167,69.71,86,100,7.14
500,Broome,US,2021-02-03 20:05:36,42.2506,-75.833,27.0,86,90,14.97
501,Moirang,IN,2021-02-03 20:05:37,24.5,93.7667,49.57,76,0,0.38
502,Arraial Do Cabo,BR,2021-02-03 20:05:37,-22.9661,-42.0278,87.8,74,0,25.32
503,Puro,PH,2021-02-03 20:05:37,12.4841,123.3827,78.01,82,87,15.52
504,Petukhovo,RU,2021-02-03 20:05:37,55.0692,67.9019,7.16,94,7,7.25
505,Baruun-Urt,MN,2021-02-03 20:05:37,46.6806,113.2792,6.62,90,100,13.29
506,Porteirinha,BR,2021-02-03 20:05:37,-15.7433,-43.0283,86.32,50,97,0.4
507,Itoman,JP,2021-02-03 20:05:37,26.1247,127.6694,59.0,72,40,8.05
508,Santa Maria,BR,2021-02-03 20:05:38,-29.6842,-53.8069,75.2,94,90,6.91
509,Wilmington Island,US,2021-02-03 20:05:38,32.0036,-80.9737,54.0,26,1,11.5
510,Maunabo,PR,2021-02-03 20:05:38,18.0072,-65.8993,82.0,78,19,5.01
511,Sorong,ID,2021-02-03 20:05:38,-0.8833,131.25,81.36,78,100,10.16
512,Nalut,LY,2021-02-03 20:05:38,30.3333,10.85,56.66,44,0,5.19
513,Padang,ID,2021-02-03 20:04:08,-0.9492,100.3543,75.2,94,40,2.3
514,Port Macquarie,AU,2021-02-03 20:04:13,-31.4333,152.9167,63.0,100,3,4.45
515,Les Cayes,HT,2021-02-03 20:05:38,18.2,-73.75,77.4,73,20,8.46
516,Turukhansk,RU,2021-02-03 20:04:26,65.8167,87.9833,-6.77,91,98,5.26
517,Svoge,BG,2021-02-03 20:05:39,42.9667,23.35,46.0,87,18,2.3
518,Avera,US,2021-02-03 20:05:39,33.194,-82.5271,53.6,20,1,6.91
519,Meppel,NL,2021-02-03 20:05:39,52.6958,6.1944,44.01,93,100,1.01
520,Landau,DE,2021-02-03 20:05:39,49.2075,8.1133,53.01,85,97,11.01
521,Kibala,TD,2021-02-03 20:05:39,9.1104,18.3463,86.0,23,0,4.56
522,Catalao,BR,2021-02-03 20:05:39,-18.1658,-47.9464,80.33,70,98,4.29
523,Belaya Gora,RU,2021-02-03 20:05:39,68.5333,146.4167,-19.84,88,100,4.0
524,Muroto,JP,2021-02-03 20:05:40,33.2833,134.15,46.38,55,0,11.99
525,Taloqan,AF,2021-02-03 20:05:40,36.7361,69.5345,41.11,82,7,2.04
526,Bazaliya,UA,2021-02-03 20:05:40,49.7127,26.4733,34.93,88,100,8.86
527,Abbeville,FR,2021-02-03 20:05:40,50.1,1.8333,46.0,83,65,13.67
528,Sinnamary,GF,2021-02-03 20:04:26,5.3833,-52.95,79.34,82,100,17.22
529,Kinston,US,2021-02-03 20:05:40,35.2627,-77.5816,50.0,23,1,16.11
530,Kununurra,AU,2021-02-03 20:01:07,-15.7667,128.7333,80.6,100,100,4.23
531,Masuguru,TZ,2021-02-03 20:05:40,-11.3667,38.4167,74.68,87,40,2.37
532,Lorengau,PG,2021-02-03 20:05:28,-2.0226,147.2712,81.09,70,70,0.78
533,Neka,IR,2021-02-03 20:05:41,36.6508,53.299,51.84,58,100,1.61
534,Keffi,NG,2021-02-03 20:04:04,8.8486,7.8736,86.0,39,0,3.44
535,Opuwo,NA,2021-02-03 20:05:41,-18.0607,13.84,75.47,40,99,6.85
536,Lieksa,FI,2021-02-03 20:05:41,63.3167,30.0167,11.39,94,100,12.93
537,Darhan,MN,2021-02-03 20:04:19,49.4867,105.9228,8.42,87,100,7.49
538,Sosnogorsk,RU,2021-02-03 20:05:41,63.6023,53.8817,0.86,93,72,4.56
539,Alihe,CN,2021-02-03 20:05:41,50.5667,123.7167,-24.09,80,0,3.76
540,Akdepe,TM,2021-02-03 20:05:41,42.0551,59.3788,41.0,81,73,9.22
541,Cimahi,ID,2021-02-03 20:05:42,-6.8722,107.5425,68.25,94,100,3.31
542,Salina Cruz,MX,2021-02-03 20:05:42,16.1667,-95.2,87.24,30,5,21.23
543,Altus,US,2021-02-03 20:05:42,34.6381,-99.334,62.6,36,1,14.97
544,Batsfjord,NO,2021-02-03 20:05:42,70.6345,29.7185,30.2,93,75,21.85
545,Beruwala,LK,2021-02-03 20:05:42,6.4788,79.9828,76.01,89,25,5.97
546,Karlskoga,SE,2021-02-03 20:05:42,59.3267,14.5239,14.0,79,0,11.5
547,Goulburn,AU,2021-02-03 20:05:42,-34.75,149.7167,55.99,89,44,4.36
548,Wagar,SD,2021-02-03 20:05:43,16.1525,36.2032,75.11,62,0,11.81
549,Yar-Sale,RU,2021-02-03 20:04:09,66.8333,70.8333,-1.32,93,95,8.77
550,Morehead,US,2021-02-03 20:01:29,37.2711,-87.1764,42.01,41,1,3.44
551,Heihe,CN,2021-02-03 20:05:43,50.2441,127.4902,-18.4,57,0,4.47
552,Banda Aceh,ID,2021-02-03 20:05:43,5.5577,95.3222,77.94,80,62,13.22
553,Andenes,NO,2021-02-03 20:05:43,69.3143,16.1194,32.0,80,75,29.93
554,Ugoofaaru,MV,2021-02-03 20:05:43,5.6667,73.0,81.28,74,54,11.72
555,Tuscaloosa,US,2021-02-03 20:02:01,33.2098,-87.5692,53.01,30,1,2.73
556,Flin Flon,CA,2021-02-03 20:05:43,54.7682,-101.865,10.4,85,90,11.5
557,Quatre Cocos,MU,2021-02-03 20:03:51,-20.2078,57.7625,79.0,89,75,4.61
558,Barcelos,PT,2021-02-03 20:05:44,41.5388,-8.6151,53.6,87,20,11.5
559,Novodugino,RU,2021-02-03 20:05:44,55.6305,34.2842,21.51,98,97,7.18
560,Turtas,RU,2021-02-03 20:05:44,58.9417,69.1325,8.51,95,96,8.05
561,Del Rio,US,2021-02-03 20:05:44,29.3627,-100.8968,75.2,31,1,10.36
562,Iquique,CL,2021-02-03 20:02:06,-20.2208,-70.1431,73.4,60,0,20.71
563,Lipin Bor,RU,2021-02-03 20:05:45,60.2622,37.9763,19.33,98,100,7.07
564,Mapiripan,CO,2021-02-03 20:05:45,2.8892,-72.1256,92.59,44,39,4.63
565,Oussouye,SN,2021-02-03 20:05:45,12.485,-16.5469,86.0,73,0,4.61
566,Kupang,ID,2021-02-03 20:05:45,-10.1667,123.5833,78.75,83,100,13.71
567,Caernarfon,GB,2021-02-03 20:04:23,53.1413,-4.2702,46.4,81,75,12.66
568,Cam Ranh,VN,2021-02-03 20:05:45,11.9214,109.1591,75.2,69,20,10.36
569,Kalaleh,IR,2021-02-03 20:02:05,37.3807,55.4916,54.09,40,88,4.12
570,Rawlins,US,2021-02-03 20:05:45,41.7911,-107.2387,32.0,74,90,21.85
571,Aranos,NA,2021-02-03 20:05:46,-24.1333,19.1167,79.9,24,56,10.04
572,Baisha,CN,2021-02-03 20:05:46,26.5222,110.9311,51.37,86,67,1.81
573,Batemans Bay,AU,2021-02-03 20:05:46,-35.7167,150.1833,66.0,82,6,1.01
574,Teguldet,RU,2021-02-03 20:05:46,57.3064,88.1667,9.86,95,95,7.09
575,Luau,AO,2021-02-03 20:05:08,-10.7073,22.2247,64.06,98,100,2.06
576,Fukue,JP,2021-02-03 20:05:46,32.6881,128.8419,52.36,66,64,20.54
577,Ambilobe,MG,2021-02-03 20:05:47,-13.2,49.05,76.28,88,74,1.81
578,Yeppoon,AU,2021-02-03 20:05:47,-23.1333,150.7333,73.4,83,75,8.05
579,Ojinaga,MX,2021-02-03 20:05:47,29.5667,-104.4167,75.0,21,1,3.44
580,Buzdyak,RU,2021-02-03 20:05:47,54.5833,54.55,13.8,94,100,4.21
581,Georgiyevka,KZ,2021-02-03 20:05:47,43.0369,74.7114,26.6,93,0,2.24
582,Xiamen,CN,2021-02-03 20:05:47,24.4798,118.0819,55.4,82,0,2.24
583,Masvingo,ZW,2021-02-03 20:05:47,-20.0637,30.8277,67.53,97,100,6.82
584,Portland,US,2021-02-03 20:03:45,45.5234,-122.6762,43.0,75,90,4.47
585,Lashio,MM,2021-02-03 20:05:47,22.9333,97.75,49.55,56,0,1.41
586,Balabac,PH,2021-02-03 20:05:48,7.9868,117.0645,80.85,81,99,18.01
587,Orlik,RU,2021-02-03 20:05:48,52.5178,99.825,9.07,87,100,5.91
588,Coihaique,CL,2021-02-03 20:05:48,-45.5752,-72.0662,87.8,27,0,5.75
589,Kolomna,RU,2021-02-03 20:05:48,55.0794,38.7783,26.6,93,75,4.47
590,Marsa Matruh,EG,2021-02-03 20:05:48,31.3525,27.2453,60.8,88,0,11.5
591,Mahibadhoo,MV,2021-02-03 20:03:39,3.7833,72.9667,81.61,78,100,22.1
592,Sola,VU,2021-02-03 20:05:48,-13.8833,167.55,81.54,79,100,13.78
593,Londiani,KE,2021-02-03 20:05:49,-0.165,35.5909,54.18,73,96,3.76
594,Manaure,CO,2021-02-03 20:05:49,11.7751,-72.4445,86.74,54,7,11.81
595,Nyurba,RU,2021-02-03 20:05:49,63.2842,118.3319,-23.76,86,100,3.98
596,Camana,PE,2021-02-03 20:05:49,-16.6228,-72.7111,74.37,66,96,6.55
597,Kushmurun,KZ,2021-02-03 20:05:49,52.4503,64.6311,31.37,99,100,4.03
598,Senanga,ZM,2021-02-03 20:05:49,-16.1167,23.2667,68.34,91,80,9.42
599,Saravan,AM,2021-02-03 20:05:49,39.7196,45.6483,32.0,86,20,2.55
600,Diego De Almagro,CL,2021-02-03 20:05:50,-26.3667,-70.05,85.39,14,0,13.62
601,Souillac,MU,2021-02-03 20:03:49,-20.5167,57.5167,78.8,89,75,4.61
602,Copiapo,CL,2021-02-03 20:05:14,-27.3667,-70.3333,68.0,64,0,13.8
603,Sagua La Grande,CU,2021-02-03 20:05:50,22.8067,-80.0756,75.2,41,1,8.05
604,Riyadh,SA,2021-02-03 20:01:26,24.6877,46.7219,69.8,30,0,4.61
605,Caluquembe,AO,2021-02-03 20:05:50,-13.7833,14.6833,64.08,72,74,1.54
606,Zeya,RU,2021-02-03 20:05:50,53.75,127.2667,-29.02,77,0,2.1
607,Pilar,BR,2021-02-03 20:05:51,-9.5972,-35.9567,82.4,69,20,13.8
608,Machali,CL,2021-02-03 20:05:51,-34.1833,-70.6667,86.0,20,0,5.37
609,Torbat-E Jam,IR,2021-02-03 20:05:51,35.244,60.6225,41.9,66,0,1.21
610,Coronado,US,2021-02-03 20:05:51,32.6859,-117.1831,68.0,72,40,8.05
611,Bolshoye Selo,RU,2021-02-03 20:05:51,57.7177,38.9334,18.61,97,100,6.62
612,Bow Island,CA,2021-02-03 20:05:51,49.8668,-111.3684,6.8,78,100,8.05
613,Bandar-E Lengeh,IR,2021-02-03 20:05:52,26.5579,54.8807,66.79,54,0,5.37
614,Carolina,PR,2021-02-03 20:04:08,18.3808,-65.9574,87.8,45,20,8.05
615,Tulum,MX,2021-02-03 20:05:52,20.2167,-87.4667,77.0,44,1,8.05
616,Gannan,CN,2021-02-03 20:05:52,47.9147,123.5031,-15.34,79,17,5.46
617,Gao,ML,2021-02-03 20:05:52,16.6362,1.637,73.94,14,0,10.18
618,Jumla,NP,2021-02-03 20:04:01,29.2747,82.1838,31.82,84,0,3.47
619,Haines Junction,CA,2021-02-03 20:05:53,60.7522,-137.5108,-18.4,69,100,0.89
620,Beipiao,CN,2021-02-03 20:05:53,41.7919,120.7792,7.21,78,0,3.56
621,Digha,IN,2021-02-03 20:05:53,21.6833,87.55,63.19,56,0,6.8
622,Kloulklubed,PW,2021-02-03 20:05:17,7.0419,134.2556,82.87,75,100,17.58
623,Primorsko-Akhtarsk,RU,2021-02-03 20:05:53,46.0497,38.1747,46.53,79,82,4.7
624,Le Vauclin,MQ,2021-02-03 20:05:53,14.5452,-60.8388,82.4,78,75,13.8
625,Olinda,BR,2021-02-03 20:04:57,-8.0089,-34.8553,82.4,61,40,8.05
626,Bethlehem,BR,2021-02-03 20:02:48,-1.4558,-48.5044,77.0,78,75,9.22
627,Petropavlovsk-Kamchatskiy,RU,2021-02-03 20:05:37,53.0452,158.6483,17.6,79,75,6.71
628,Half Moon Bay,US,2021-02-03 20:03:00,37.4636,-122.4286,57.2,71,1,5.75
629,Laguna,US,2021-02-03 20:03:48,38.421,-121.4238,55.99,71,90,10.36
630,Noumea,NC,2021-02-03 20:02:15,-22.2763,166.4572,78.01,99,99,9.13
631,Singaraja,ID,2021-02-03 20:05:54,-8.112,115.0882,78.1,80,100,2.13
632,Rovaniemi,FI,2021-02-03 20:05:54,66.5,25.7167,6.8,85,20,9.22
633,Atar,MR,2021-02-03 20:05:54,20.5169,-13.0499,72.97,19,0,0.67
634,Viedma,AR,2021-02-03 20:05:54,-40.8135,-62.9967,89.01,31,0,13.76
635,San Luis,AR,2021-02-03 20:04:54,-33.295,-66.3356,78.78,26,14,12.41
636,Karanja,IN,2021-02-03 20:05:55,20.4833,77.4833,65.79,26,0,8.72
637,Jinka,ET,2021-02-03 20:05:55,5.65,36.65,70.18,36,0,1.16
638,Muscatine,US,2021-02-03 20:05:55,41.4667,-91.1335,30.99,93,90,10.36
639,Vao,NC,2021-02-03 20:05:55,-22.6667,167.4833,77.95,87,98,24.2
